{"cameraMode":{"drawMode":0,"name":"Shaded","section":"Shading Mode"},"sceneLighting":false,"audioPlay":false,"sceneViewState":{"m_AlwaysRefresh":false,"showFog":true,"showSkybox":false,"showFlares":true,"showImageEffects":true,"showParticleSystems":true,"showVisualEffectGraphs":true,"m_FxEnabled":true},"in2DMode":false,"pivot":{"x":0.7580000162124634,"y":3.0702385902404787,"z":0.020999997854232789},"rotation":{"x":0.2647238075733185,"y":0.7048020362854004,"z":-0.571474552154541,"w":0.32648494839668276},"size":0.5598076581954956,"orthographic":false}