{"cameraMode":{"drawMode":0,"name":"Shaded","section":"Shading Mode"},"sceneLighting":false,"audioPlay":false,"sceneViewState":{"m_AlwaysRefresh":false,"showFog":true,"showSkybox":false,"showFlares":true,"showImageEffects":true,"showParticleSystems":true,"showVisualEffectGraphs":true,"m_FxEnabled":true},"in2DMode":false,"pivot":{"x":0.4169524013996124,"y":0.32416605949401858,"z":0.7445557117462158},"rotation":{"x":-0.09096696972846985,"y":0.832798182964325,"z":-0.1438131481409073,"w":-0.5267745852470398},"size":0.5144976377487183,"orthographic":false}